{
  "columns": [
    {
      "field": "id",
      "hide": true
    },
    {
      "field": "desk",
      "headerName": "Desk",
      "width": 110
    },
    {
      "field": "commodity",
      "headerName": "Commodity",
      "width": 180,
      "editable": false
    },
    {
      "field": "traderName",
      "headerName": "Trader Name",
      "width": 120,
      "editable": false
    },
    {
      "field": "traderEmail",
      "headerName": "Trader Email",
      "width": 150,
      "editable": false
    },
    {
      "field": "quantity",
      "headerName": "Quantity",
      "type": "number",
      "width": 140,
      "editable": false
    }
  ],
  "rows": [
    {
      "id": "7b03e7e1-105c-5050-8fcd-f16b35746247",
      "desk": "D-3919",
      "commodity": "Corn",
      "traderName": "Mamie Klein",
      "traderEmail": "wu@me.mx",
      "quantity": 22285
    },
    {
      "id": "193550b8-bba0-58da-ba34-2fce2137aedb",
      "desk": "D-4484",
      "commodity": "Coffee C",
      "traderName": "Cameron Stewart",
      "traderEmail": "ze@ruho.ee",
      "quantity": 59180
    },
    {
      "id": "ca66dbf0-7872-5ea4-b3b7-01b6f2d7b1b4",
      "desk": "D-7379",
      "commodity": "Soybeans",
      "traderName": "Emma Carr",
      "traderEmail": "ma@ec.pl",
      "quantity": 76247
    },
    {
      "id": "61559329-0367-5d33-9786-1504e23f5487",
      "desk": "D-3043",
      "commodity": "Oats",
      "traderName": "Sally Casey",
      "traderEmail": "jibvemi@voggupas.by",
      "quantity": 99696
    },
    {
      "id": "90630253-e343-531a-8c6a-83d4bef43acd",
      "desk": "D-3406",
      "commodity": "Sugar No.11",
      "traderName": "Trevor Cohen",
      "traderEmail": "lotuc@gous.ch",
      "quantity": 55099
    },
    {
      "id": "24b4d8cf-5d83-559d-a3d5-79377c77bd60",
      "desk": "D-2322",
      "commodity": "Wheat",
      "traderName": "Amelia Conner",
      "traderEmail": "ja@acu.dz",
      "quantity": 23855
    },
    {
      "id": "46a471c0-b15b-5797-bcd6-39800ad48fbe",
      "desk": "D-8160",
      "commodity": "Wheat",
      "traderName": "Elizabeth Brown",
      "traderEmail": "zu@ec.tk",
      "quantity": 20470
    },
    {
      "id": "a788049f-259f-510b-8581-ffe5c2de1455",
      "desk": "D-6448",
      "commodity": "Robusta coffee",
      "traderName": "Lottie Lynch",
      "traderEmail": "jup@vi.tr",
      "quantity": 47190
    },
    {
      "id": "47892080-1f7b-50ee-bdd3-1a6d967d30a1",
      "desk": "D-5387",
      "commodity": "Corn",
      "traderName": "Caroline Norris",
      "traderEmail": "kehkop@tugubu.mz",
      "quantity": 91121
    },
    {
      "id": "4c32b705-fc2e-59fa-8d7e-da18d850804f",
      "desk": "D-9390",
      "commodity": "Cotton No.2",
      "traderName": "Winnie McBride",
      "traderEmail": "inheoka@tavis.il",
      "quantity": 57741
    },
    {
      "id": "d77d5201-6611-5556-af14-dc843514624f",
      "desk": "D-9591",
      "commodity": "Oats",
      "traderName": "Derek Cain",
      "traderEmail": "efodifat@sotfo.ci",
      "quantity": 65620
    },
    {
      "id": "e484032a-c917-5093-bd59-2eaa5c4cb84e",
      "desk": "D-5557",
      "commodity": "Coffee C",
      "traderName": "Laura Ryan",
      "traderEmail": "hijuize@huar.sk",
      "quantity": 4483
    },
    {
      "id": "00dc2439-d4dc-5686-ad1d-ebf346943a5d",
      "desk": "D-9962",
      "commodity": "Cotton No.2",
      "traderName": "Harriett Morgan",
      "traderEmail": "ce@agopor.nf",
      "quantity": 3804
    },
    {
      "id": "a9f18cf0-34c6-55f7-ab36-1c0c1455713f",
      "desk": "D-9420",
      "commodity": "Sugar No.11",
      "traderName": "Vera Adkins",
      "traderEmail": "judcuma@kibob.at",
      "quantity": 54376
    },
    {
      "id": "fb0cbed0-6347-586e-9c1c-a535fa88304a",
      "desk": "D-2008",
      "commodity": "Robusta coffee",
      "traderName": "Inez King",
      "traderEmail": "aw@bevo.cu",
      "quantity": 66303
    },
    {
      "id": "aacc267f-8be8-5a68-a39d-00e54675ebb1",
      "desk": "D-6473",
      "commodity": "Frozen Concentrated Orange Juice",
      "traderName": "Susie Lucas",
      "traderEmail": "naliluw@koizueki.ne",
      "quantity": 14517
    },
    {
      "id": "1eb06b3d-9aaa-50fe-8f5b-7bb581df9833",
      "desk": "D-4314",
      "commodity": "Coffee C",
      "traderName": "Sylvia Vasquez",
      "traderEmail": "og@la.it",
      "quantity": 10986
    },
    {
      "id": "08dde59c-15bd-58a3-b4d2-d7631999e001",
      "desk": "D-5562",
      "commodity": "Soybean Oil",
      "traderName": "Luke Figueroa",
      "traderEmail": "jemmazij@jimripwa.gm",
      "quantity": 39442
    },
    {
      "id": "b345cdde-8176-5fff-b989-644949b48fcf",
      "desk": "D-3012",
      "commodity": "Sugar No.11",
      "traderName": "Mamie Thornton",
      "traderEmail": "kabiv@wegro.lb",
      "quantity": 47400
    },
    {
      "id": "8f1e0780-f976-5302-8d64-45fddccd0b3d",
      "desk": "D-3441",
      "commodity": "Adzuki bean",
      "traderName": "Miguel Martin",
      "traderEmail": "rozepge@ici.in",
      "quantity": 61976
    },
    {
      "id": "108d7f08-4126-5906-8f9a-acf16c61e242",
      "desk": "D-9631",
      "commodity": "Soybean Meal",
      "traderName": "Brian Edwards",
      "traderEmail": "azi@gov.tc",
      "quantity": 24631
    },
    {
      "id": "4bf81fb3-9812-5a93-8f86-c4cc1ed1579e",
      "desk": "D-6584",
      "commodity": "Robusta coffee",
      "traderName": "Olga Simon",
      "traderEmail": "luho@modufa.tp",
      "quantity": 80381
    },
    {
      "id": "b92cfd15-e42c-5a81-8c03-c3a48e9fa422",
      "desk": "D-8734",
      "commodity": "Coffee C",
      "traderName": "Brent Pearson",
      "traderEmail": "akil@omhav.si",
      "quantity": 21717
    },
    {
      "id": "0569b137-d43a-51bd-b8df-e9af0a826482",
      "desk": "D-8469",
      "commodity": "Soybean Oil",
      "traderName": "Emily Williamson",
      "traderEmail": "in@cuhinin.tf",
      "quantity": 17256
    },
    {
      "id": "49a95ce7-4b23-5e1b-9822-0b0e22e4bb7f",
      "desk": "D-890",
      "commodity": "Robusta coffee",
      "traderName": "Eliza Hill",
      "traderEmail": "begkim@lizdu.fi",
      "quantity": 51984
    },
    {
      "id": "b3c47327-2691-5bab-9203-66363f61febe",
      "desk": "D-607",
      "commodity": "Rapeseed",
      "traderName": "Mason Ramsey",
      "traderEmail": "di@mi.sr",
      "quantity": 97222
    },
    {
      "id": "1c249597-ce3b-549e-83eb-c5a6a962b710",
      "desk": "D-8627",
      "commodity": "Robusta coffee",
      "traderName": "Dorothy Lopez",
      "traderEmail": "mahpir@pucpiku.pe",
      "quantity": 51671
    },
    {
      "id": "f6c06a5e-9b6f-5cdf-aaaa-462f298604ae",
      "desk": "D-2286",
      "commodity": "Cocoa",
      "traderName": "Blanche Ballard",
      "traderEmail": "fusuba@daleb.al",
      "quantity": 60367
    },
    {
      "id": "24206fac-3911-5c77-aa66-2d1c2984d467",
      "desk": "D-951",
      "commodity": "Soybean Oil",
      "traderName": "Josephine Jimenez",
      "traderEmail": "kovese@sibatsef.ly",
      "quantity": 89699
    },
    {
      "id": "b8f9dcbb-dec0-5d9d-b302-14217271b695",
      "desk": "D-5004",
      "commodity": "Soybeans",
      "traderName": "Lester Herrera",
      "traderEmail": "uhu@uh.cn",
      "quantity": 70154
    },
    {
      "id": "47323953-f315-5d6d-83ec-ad09250cb3a0",
      "desk": "D-6971",
      "commodity": "Oats",
      "traderName": "Linnie Boyd",
      "traderEmail": "kog@vogwonasu.mo",
      "quantity": 90878
    },
    {
      "id": "fcdf5055-8c04-531e-87b9-12a94df88d1c",
      "desk": "D-6644",
      "commodity": "Oats",
      "traderName": "Estelle Bowen",
      "traderEmail": "hawfite@olifoira.gi",
      "quantity": 30723
    },
    {
      "id": "ff1a61c8-c690-5b88-baac-58a86dfb548c",
      "desk": "D-3750",
      "commodity": "Robusta coffee",
      "traderName": "Johanna Ortiz",
      "traderEmail": "kacba@zo.cw",
      "quantity": 34968
    },
    {
      "id": "9421d220-2101-5b06-99f2-559d5b953851",
      "desk": "D-8177",
      "commodity": "Corn",
      "traderName": "Cory Larson",
      "traderEmail": "epoaja@vithegvag.hm",
      "quantity": 41476
    },
    {
      "id": "63ee03dc-9a4d-5b80-8cd4-f1524d0a0e51",
      "desk": "D-580",
      "commodity": "Soybean Oil",
      "traderName": "Brandon Frank",
      "traderEmail": "uz@vico.pn",
      "quantity": 13780
    },
    {
      "id": "eca03994-1c61-5584-8b32-e8287f268bd3",
      "desk": "D-1896",
      "commodity": "Wheat",
      "traderName": "Harold Allison",
      "traderEmail": "cufje@of.sa",
      "quantity": 76465
    },
    {
      "id": "bfa3c755-e380-51bb-a910-03b3493ca74e",
      "desk": "D-5276",
      "commodity": "Rapeseed",
      "traderName": "Ethan Nash",
      "traderEmail": "zoru@tukocuji.ve",
      "quantity": 88802
    },
    {
      "id": "648acc33-e229-5343-a092-4991142db693",
      "desk": "D-8029",
      "commodity": "Cocoa",
      "traderName": "Jacob Gardner",
      "traderEmail": "nowcunnu@ep.pe",
      "quantity": 6924
    },
    {
      "id": "dba64e93-afca-592e-901b-4c056939267f",
      "desk": "D-9716",
      "commodity": "Corn",
      "traderName": "Johanna Vaughn",
      "traderEmail": "teh@elbi.vn",
      "quantity": 80231
    },
    {
      "id": "88549295-b87a-578f-b0e5-e54271dbe899",
      "desk": "D-7591",
      "commodity": "Robusta coffee",
      "traderName": "Chris Gilbert",
      "traderEmail": "amaza@beliszul.bj",
      "quantity": 35557
    },
    {
      "id": "595db554-6a44-5e67-8b8e-f0a55c8426ed",
      "desk": "D-9633",
      "commodity": "Soybeans",
      "traderName": "Dominic Thornton",
      "traderEmail": "zokovhuc@wuthuz.tr",
      "quantity": 21392
    },
    {
      "id": "bb3f6bb1-11ee-5ca7-944c-3b834e5c5789",
      "desk": "D-2234",
      "commodity": "Robusta coffee",
      "traderName": "Jane Norton",
      "traderEmail": "kejoj@duzohe.me",
      "quantity": 84361
    },
    {
      "id": "d439319d-631d-5951-9f80-a21e783a573f",
      "desk": "D-62",
      "commodity": "Cotton No.2",
      "traderName": "Cecelia Hale",
      "traderEmail": "kecigji@nibaswa.tk",
      "quantity": 66513
    },
    {
      "id": "66c48912-a248-59a5-ac3f-a5e760afcb7b",
      "desk": "D-2091",
      "commodity": "Soybean Meal",
      "traderName": "Ralph Long",
      "traderEmail": "canor@lam.mz",
      "quantity": 64685
    },
    {
      "id": "ddf5327b-d468-560f-9fcb-7edb06a3951d",
      "desk": "D-134",
      "commodity": "Oats",
      "traderName": "Alexander Woods",
      "traderEmail": "kanad@gioj.km",
      "quantity": 81509
    },
    {
      "id": "b8973bfb-9fa1-505e-bfc7-a598713ee627",
      "desk": "D-869",
      "commodity": "Oats",
      "traderName": "Blake Mason",
      "traderEmail": "taj@wiuh.fi",
      "quantity": 42291
    },
    {
      "id": "11929963-e5d3-5a84-94d6-c2b4365f69fc",
      "desk": "D-5101",
      "commodity": "Rapeseed",
      "traderName": "Phoebe Barker",
      "traderEmail": "zi@dizavap.gi",
      "quantity": 89895
    },
    {
      "id": "533790fe-55cd-5cca-82e9-371f66a9ea79",
      "desk": "D-6317",
      "commodity": "Corn",
      "traderName": "Alice Norman",
      "traderEmail": "duplucte@mejosi.lv",
      "quantity": 19913
    },
    {
      "id": "4adae574-3a65-5d2f-ac25-ea8d137b7c1f",
      "desk": "D-6423",
      "commodity": "Sugar No.11",
      "traderName": "Joe Farmer",
      "traderEmail": "po@hapum.hn",
      "quantity": 8275
    },
    {
      "id": "7e1840f2-97f2-548c-9813-277995d045e6",
      "desk": "D-5953",
      "commodity": "Sugar No.11",
      "traderName": "Rachel Yates",
      "traderEmail": "jup@ococen.cm",
      "quantity": 52921
    },
    {
      "id": "6426fbbd-510e-52d3-a097-bad4a7e12469",
      "desk": "D-7777",
      "commodity": "Robusta coffee",
      "traderName": "William Stewart",
      "traderEmail": "jil@cuji.edu",
      "quantity": 31296
    },
    {
      "id": "57b38f3a-ae5d-517c-a9e8-02ccd9182209",
      "desk": "D-1119",
      "commodity": "Oats",
      "traderName": "Janie Lane",
      "traderEmail": "ihe@adefuh.rw",
      "quantity": 43595
    },
    {
      "id": "b941944e-264a-5782-86b9-eba334e35ec6",
      "desk": "D-8340",
      "commodity": "Cotton No.2",
      "traderName": "Bertha Hamilton",
      "traderEmail": "woztukej@ihu.ac",
      "quantity": 97585
    },
    {
      "id": "d88452ba-dfc8-5cb7-9708-42ef9e97bca2",
      "desk": "D-8083",
      "commodity": "Wheat",
      "traderName": "Margaret Gross",
      "traderEmail": "pif@cu.gr",
      "quantity": 21304
    },
    {
      "id": "47ed9c60-ffd2-50bb-9806-68630dce0270",
      "desk": "D-4718",
      "commodity": "Cocoa",
      "traderName": "Roy Byrd",
      "traderEmail": "ejevugtum@kighi.zm",
      "quantity": 44887
    },
    {
      "id": "64f7685d-4ef6-52d4-b805-0303d59a3255",
      "desk": "D-8769",
      "commodity": "Corn",
      "traderName": "Carlos Hudson",
      "traderEmail": "toova@jeh.bh",
      "quantity": 69111
    },
    {
      "id": "c4c51f17-17d8-5e46-9e39-4e4b9312922b",
      "desk": "D-3290",
      "commodity": "Soybean Meal",
      "traderName": "Elizabeth Mathis",
      "traderEmail": "cin@nepvakziw.lu",
      "quantity": 65586
    },
    {
      "id": "0025fe37-eb9b-5cfd-9a5a-0fc84c5371c6",
      "desk": "D-8329",
      "commodity": "Oats",
      "traderName": "Ralph Moran",
      "traderEmail": "tuklaz@temi.kg",
      "quantity": 94313
    },
    {
      "id": "9d701d06-b43f-5f68-a003-b3508f0c20cd",
      "desk": "D-9140",
      "commodity": "Coffee C",
      "traderName": "Ida Gonzalez",
      "traderEmail": "sijge@tuc.dz",
      "quantity": 43592
    },
    {
      "id": "b87693d8-5a8f-505e-b363-d36f3f89d4db",
      "desk": "D-9433",
      "commodity": "Soybeans",
      "traderName": "Mabel McCarthy",
      "traderEmail": "abitu@ogona.ws",
      "quantity": 21222
    },
    {
      "id": "fa8dd4b1-b7cd-594c-bd38-6d5858069c5e",
      "desk": "D-6683",
      "commodity": "Wheat",
      "traderName": "Chris Bowers",
      "traderEmail": "latot@guzo.ai",
      "quantity": 92503
    },
    {
      "id": "b40f689e-ccef-5fab-88d1-b3209584ae73",
      "desk": "D-1314",
      "commodity": "Corn",
      "traderName": "Albert Grant",
      "traderEmail": "hepege@kagedod.ss",
      "quantity": 55190
    },
    {
      "id": "421a7bb2-8fb4-518d-a81f-1be2ed50bb4f",
      "desk": "D-8573",
      "commodity": "Corn",
      "traderName": "Cecilia Potter",
      "traderEmail": "rezjoj@bu.com",
      "quantity": 57537
    },
    {
      "id": "b2f6f002-af12-537a-864d-0fee71a29933",
      "desk": "D-7665",
      "commodity": "Milk",
      "traderName": "Loretta Patton",
      "traderEmail": "tawocu@tomen.zm",
      "quantity": 74137
    },
    {
      "id": "fc5bf768-33dc-58c4-b206-b0633e76ca5c",
      "desk": "D-5139",
      "commodity": "Soybean Oil",
      "traderName": "Rosie Reese",
      "traderEmail": "jozitovu@ozgavah.pg",
      "quantity": 28560
    },
    {
      "id": "4dc895d9-2c56-5ab9-8cb2-ef671c447965",
      "desk": "D-479",
      "commodity": "Wheat",
      "traderName": "Hannah Bowen",
      "traderEmail": "nimi@zardopaz.bj",
      "quantity": 52346
    },
    {
      "id": "6cd2e0b5-35ce-56b3-b329-175697c3d647",
      "desk": "D-2763",
      "commodity": "Sugar No.14",
      "traderName": "Cameron Todd",
      "traderEmail": "fofwij@refauhi.gn",
      "quantity": 42252
    },
    {
      "id": "976326cf-97a3-5156-a144-890c5c03c8ab",
      "desk": "D-2722",
      "commodity": "Corn",
      "traderName": "Marguerite Collier",
      "traderEmail": "je@om.ae",
      "quantity": 73812
    },
    {
      "id": "04b6c4bc-7b40-5c4b-ae59-3f5e1214942e",
      "desk": "D-345",
      "commodity": "Sugar No.11",
      "traderName": "Jeff Fitzgerald",
      "traderEmail": "voho@lefo.is",
      "quantity": 74066
    },
    {
      "id": "5d73176b-23c6-5a94-8eb0-b52d8d8b2cae",
      "desk": "D-9631",
      "commodity": "Robusta coffee",
      "traderName": "Dora Nelson",
      "traderEmail": "larsomo@vettenod.cx",
      "quantity": 30202
    },
    {
      "id": "e3af7988-7f70-522a-9523-5bf0ed15d0f2",
      "desk": "D-2738",
      "commodity": "Soybeans",
      "traderName": "Allen Fitzgerald",
      "traderEmail": "ino@ete.ve",
      "quantity": 18809
    },
    {
      "id": "fdb409d1-d294-57ca-9912-9e04990906b5",
      "desk": "D-7590",
      "commodity": "Cotton No.2",
      "traderName": "Ada Garner",
      "traderEmail": "nabvuan@sadbopkuj.ro",
      "quantity": 35778
    },
    {
      "id": "3729108f-6f57-524d-835b-970418da08d6",
      "desk": "D-7963",
      "commodity": "Corn",
      "traderName": "Martin Griffith",
      "traderEmail": "ram@sesim.mt",
      "quantity": 10473
    },
    {
      "id": "af6c183c-ee37-519a-bf2d-8963cfd6f578",
      "desk": "D-5810",
      "commodity": "Robusta coffee",
      "traderName": "Thomas Greene",
      "traderEmail": "sibul@migpewna.gu",
      "quantity": 52037
    },
    {
      "id": "970117ad-7c5e-5c09-998b-0f8c120e42ab",
      "desk": "D-8104",
      "commodity": "Coffee C",
      "traderName": "Derrick Graham",
      "traderEmail": "mol@daehe.ch",
      "quantity": 30386
    },
    {
      "id": "9d8f6bbe-b4db-5182-af8a-8dc1cc56f7df",
      "desk": "D-3046",
      "commodity": "Robusta coffee",
      "traderName": "Ora Murphy",
      "traderEmail": "ded@mol.jp",
      "quantity": 63591
    },
    {
      "id": "dd33433f-3da2-5210-a9a3-2949d85f1bb8",
      "desk": "D-738",
      "commodity": "Rapeseed",
      "traderName": "Troy Rios",
      "traderEmail": "ga@ro.vg",
      "quantity": 2786
    },
    {
      "id": "599201f7-9a65-5c18-9680-4eec4a63cff7",
      "desk": "D-703",
      "commodity": "Cocoa",
      "traderName": "Manuel Harris",
      "traderEmail": "idalug@toj.cz",
      "quantity": 28230
    },
    {
      "id": "3b3a0756-4738-5c88-ab25-a6856b5d5b3e",
      "desk": "D-8507",
      "commodity": "Frozen Concentrated Orange Juice",
      "traderName": "Hannah Brown",
      "traderEmail": "vaz@iwukel.ga",
      "quantity": 97346
    },
    {
      "id": "d90f3fd4-9c75-50e5-aca4-02edbcf9b1d9",
      "desk": "D-1739",
      "commodity": "Robusta coffee",
      "traderName": "Sean Perez",
      "traderEmail": "lu@ku.au",
      "quantity": 8683
    },
    {
      "id": "9290e3c0-f571-5e9a-a626-6a9b2e4884d7",
      "desk": "D-1188",
      "commodity": "Milk",
      "traderName": "Erik Castillo",
      "traderEmail": "ji@ceiro.rw",
      "quantity": 69908
    },
    {
      "id": "18145f45-d51f-52b9-b86b-2462e831842d",
      "desk": "D-4954",
      "commodity": "Robusta coffee",
      "traderName": "Carlos Lee",
      "traderEmail": "hesegeohe@cesoiv.cu",
      "quantity": 3080
    },
    {
      "id": "d884b9ed-be4a-51a9-b522-5dc3b9c81223",
      "desk": "D-9974",
      "commodity": "Cocoa",
      "traderName": "Mittie Cooper",
      "traderEmail": "wen@amudigwuh.tt",
      "quantity": 40736
    },
    {
      "id": "297a57cd-9b63-59fd-9896-1ccbdd7462b3",
      "desk": "D-2392",
      "commodity": "Soybeans",
      "traderName": "Minnie Graham",
      "traderEmail": "ogmiw@ezelualu.lr",
      "quantity": 44867
    },
    {
      "id": "ea4a56ca-cc83-5ec4-8a0c-fac2ed081e07",
      "desk": "D-5902",
      "commodity": "Sugar No.14",
      "traderName": "Henry Houston",
      "traderEmail": "mih@gihejuva.ms",
      "quantity": 58159
    },
    {
      "id": "b6b85bfe-48dd-5c87-82c2-dd123f289892",
      "desk": "D-6998",
      "commodity": "Soybean Oil",
      "traderName": "Ida Grant",
      "traderEmail": "gic@rul.pe",
      "quantity": 56376
    },
    {
      "id": "6a9e7276-65c4-5185-9bcd-a5838d4f3feb",
      "desk": "D-315",
      "commodity": "Adzuki bean",
      "traderName": "Alvin Scott",
      "traderEmail": "citaftu@gulucuf.uk",
      "quantity": 94480
    },
    {
      "id": "1750bef9-3a05-5680-948e-8756783fa5d9",
      "desk": "D-9938",
      "commodity": "Wheat",
      "traderName": "Maud Holland",
      "traderEmail": "hetnocez@unuwal.zm",
      "quantity": 68196
    },
    {
      "id": "3ea78000-d19f-50cd-83e3-680c3edd24c6",
      "desk": "D-6855",
      "commodity": "Cocoa",
      "traderName": "Theodore Neal",
      "traderEmail": "fotu@te.so",
      "quantity": 77996
    },
    {
      "id": "30fd0ed2-8560-5e96-b11a-1c13ea43ce64",
      "desk": "D-6573",
      "commodity": "Soybean Oil",
      "traderName": "Isabella Stone",
      "traderEmail": "vagirgu@pu.vc",
      "quantity": 26319
    },
    {
      "id": "b0b61e44-e809-5015-aba1-d0c4b01674c1",
      "desk": "D-262",
      "commodity": "Adzuki bean",
      "traderName": "Elva Parker",
      "traderEmail": "fafok@leso.tw",
      "quantity": 23217
    },
    {
      "id": "1411544d-ac9c-514b-ba4d-38b3b8d0d87b",
      "desk": "D-637",
      "commodity": "Corn",
      "traderName": "Nellie Richardson",
      "traderEmail": "pu@acsecaru.gb",
      "quantity": 53958
    },
    {
      "id": "52768140-aea8-5e2b-8861-a3c7d6777397",
      "desk": "D-8504",
      "commodity": "Rough Rice",
      "traderName": "Lucille Love",
      "traderEmail": "kitedi@he.kp",
      "quantity": 4347
    },
    {
      "id": "64b0ab60-45d4-59b5-adaf-2482abad8a67",
      "desk": "D-4044",
      "commodity": "Sugar No.14",
      "traderName": "Ollie Graves",
      "traderEmail": "todro@wo.pe",
      "quantity": 83467
    },
    {
      "id": "9d9e17ea-60be-59e2-9b31-581a923de4f7",
      "desk": "D-1483",
      "commodity": "Frozen Concentrated Orange Juice",
      "traderName": "Mittie Chapman",
      "traderEmail": "vapih@beror.kh",
      "quantity": 33569
    },
    {
      "id": "7d37def4-44e8-5992-ab09-7689060280f2",
      "desk": "D-5444",
      "commodity": "Soybeans",
      "traderName": "Vernon Allen",
      "traderEmail": "mowipwol@ro.bd",
      "quantity": 48683
    },
    {
      "id": "0efeb96a-fa2f-5626-98b2-ec308653dd05",
      "desk": "D-8917",
      "commodity": "Cocoa",
      "traderName": "Douglas Burgess",
      "traderEmail": "husloshi@iz.kz",
      "quantity": 42614
    },
    {
      "id": "0a528339-7ede-5140-873f-b68cbfb7abaa",
      "desk": "D-7448",
      "commodity": "Frozen Concentrated Orange Juice",
      "traderName": "Violet Warner",
      "traderEmail": "babek@fud.es",
      "quantity": 43494
    },
    {
      "id": "091aa843-8818-5ada-9f2d-261bc331ca52",
      "desk": "D-6781",
      "commodity": "Soybean Oil",
      "traderName": "Dominic Copeland",
      "traderEmail": "rirjubne@di.my",
      "quantity": 42413
    },
    {
      "id": "b40db494-f8f0-5823-9ee5-d28ee4f3c6dd",
      "desk": "D-5260",
      "commodity": "Rough Rice",
      "traderName": "Rhoda Reese",
      "traderEmail": "okopu@lewve.uz",
      "quantity": 22441
    }
  ],
  "initialState": {
    "columns": {
      "columnVisibilityModel": {
        "id": false
      }
    }
  }
}
